id,sex,race,ses,sctyp,hsp,locus,concpt,mot,car,rdg,wrtg,math,sci,civ
    1,Female,Asian,Low,Public,Vocational/Technical,0.29,0.88,0.67,Professional_2,33.6,43.7,40.2,39,40.6
    2,Male,Asian,Low,Public,Academic preparatory,-0.42,0.03,0.33,Craftsman,46.9,35.9,41.9,36.3,45.6
    3,Female,Asian,Low,Public,Academic preparatory,0.71,0.03,0.67,Professional_1,41.6,59.3,41.9,44.4,45.6
    4,Female,Asian,Medium,Public,Vocational/Technical,0.06,0.03,0,Service,38.9,41.1,32.7,41.7,40.6
    5,Female,Asian,Medium,Public,Vocational/Technical,0.22,-0.28,0,Clerical,36.3,48.9,39.5,41.7,45.6
    6,Male,Asian,Medium,Public,Academic preparatory,0.46,0.03,0,Proprietor,49.5,46.3,46.2,41.7,35.6
    7,Male,Asian,Low,Public,General,0.44,-0.47,0.33,Professional_2,62.7,64.5,48,63.4,55.6
    8,Female,Asian,Low,Public,General,0.68,0.25,1,Professional_1,44.2,51.5,36.9,49.8,55.6
    9,Male,Asian,Medium,Public,General,0.06,0.56,0.33,Professional_1,46.9,41.1,45.3,47.1,55.6
   10,Female,Asian,Low,Public,General,0.05,0.15,1,Proprietor,44.2,49.5,40.5,39,50.6
   11,Female,Asian,Low,Public,General,0.25,0.34,1,Professional_1,49.5,61.9,42.9,41.7,50.6
   12,Male,Asian,Low,Public,Academic preparatory,0.06,-0.59,0,Operative,44.2,41.1,59.8,44.4,35.6
   13,Male,Asian,Low,Public,General,-1.1,0.03,0,Military,46.9,40.4,42.8,45,30.6
   14,Female,Asian,Medium,Public,Academic preparatory,0.52,-0.59,0.67,Homemaker,41.6,59.3,38.6,36.3,50.6
   15,Male,Asian,Medium,Public,Vocational/Technical,-1.28,1.19,1,Professional_1,41.6,41.1,45.9,44.4,40.6
   16,Female,Asian,Low,Public,General,0.06,0.03,1,Professional_2,46.9,41.1,46.2,39.6,40.6
   17,Female,Asian,High,Public,General,0.26,0.03,1,Professional_2,60.1,64.5,55.7,63.4,60.5
   18,Male,Asian,Medium,Public,Vocational/Technical,0.21,0.94,0,Protective,38.9,48.9,41.8,58.5,45.6
   19,Male,Asian,Medium,Public,General,0.06,0.03,1,Manager,57.4,54.1,58.9,47.1,50.6
   20,Male,Asian,High,Public,General,0.28,0.03,1,Professional_2,73.3,64.5,68,63.4,70.5
   21,Male,Asian,Medium,Public,Academic preparatory,-0.44,-0.84,0.33,Craftsman,46.9,46.3,45.9,37.9,45.6
   22,Female,Asian,Low,Public,General,-0.43,0.13,0.33,Military,38.9,44.3,51.6,43.9,48.1
   23,Female,Asian,Low,Public,Vocational/Technical,-0.22,0.32,0.33,Clerical,35.2,38.5,39.9,34.7,40.6
   24,Female,Asian,Low,Public,Vocational/Technical,0.73,-1.42,0.33,Service,38.9,41.1,41,36.3,45.6
   25,Male,Asian,Medium,Public,Vocational/Technical,0.26,0.03,0.33,Proprietor,48.4,48.9,52.2,43.9,50.6
   26,Female,Asian,Medium,Public,General,1.12,-0.74,0.67,Service,31,41.1,36,36.9,45.6
   27,Female,Asian,High,Public,Academic preparatory,0.46,0.59,1,Technical,52.1,62.5,53.6,56.3,65.5
   28,Female,Asian,Medium,Public,Academic preparatory,-0.6,-0.47,0.67,Professional_1,46.9,54.1,49,52.6,60.5
   29,Female,Asian,Medium,Public,General,-0.9,0.03,0.67,Homemaker,36.3,44.3,36.1,33.6,40.6
   30,Female,Asian,Medium,Public,General,0.31,1.19,1,Professional_1,46.9,44.3,41.9,39,50.6
   31,Male,Asian,Medium,Public,General,-0.21,-1.38,0,Professional_1,34.2,46.3,44.5,39,35.6
   32,Female,Asian,Medium,Public,General,0.69,0.34,1,Professional_1,52.1,56.7,53.4,60.7,45.6
   33,Female,Asian,Medium,Public,Academic preparatory,-0.19,-1.67,0,Sales,42.1,39.8,42.2,38.5,40.6
   34,Male,Asian,Medium,Public,Vocational/Technical,-1.78,0.56,0.33,Operative,37.3,43.7,45.4,39,45.6
   35,Male,Asian,Medium,Public,Vocational/Technical,0.3,0.56,1,Technical,44.2,33.3,37.7,30.9,41.9
   36,Male,Asian,Medium,Public,General,1.36,0.44,0.67,Professional_1,70.7,58,65.4,63.4,60.5
   37,Female,Asian,Medium,Public,Vocational/Technical,-1.05,-1.65,0,Professional_1,46.9,46.3,38.6,47.1,60.5
   38,Male,Asian,Medium,Public,Vocational/Technical,0.29,0.39,0.33,Military,41.6,33.3,37.6,28.2,45.6
   39,Male,Asian,Medium,Public,General,-0.83,0.13,1,Professional_1,41.6,35.9,36.7,36.3,55.6
   40,Male,Asian,High,Public,General,0.21,-0.28,0.67,Protective,46.9,41.1,53.6,41.7,55.6
   41,Male,Asian,High,Public,General,-0.03,0.63,0.67,Professional_1,52.1,54.1,48.2,55.3,60.5
   42,Male,Asian,Medium,Public,General,0.03,0.28,0.33,Operative,52.1,54.1,52,55.3,50.6
   43,Male,Asian,High,Public,Vocational/Technical,-0.83,1.19,0.67,Professional_1,38.9,38.5,44.4,26,41.9
   44,Female,Asian,Low,Public,Vocational/Technical,0.22,-0.76,1,Service,31,41.1,49.2,33.6,35.6
   45,Male,Asian,High,Public,General,1.16,0.32,1,Professional_1,60.1,54.1,48.6,58,30.6
   46,Male,Asian,Low,Public,Vocational/Technical,-0.22,-1.34,0.67,Technical,46.9,31.3,43.6,36.3,35.6
   47,Male,Asian,Low,Public,Academic preparatory,-0.18,0.15,0,Service,38.9,28.1,36,36.3,35.6
   48,Female,Asian,High,Public,Vocational/Technical,0.02,0.03,0.33,Homemaker,41.6,35.9,37.7,41.7,45.6
   49,Female,Asian,Medium,Public,General,-1.06,0.03,0.67,Manager,46.9,56.7,48,44.4,40.6
   50,Male,Asian,Medium,Public,Academic preparatory,-1.33,0.03,1,Professional_1,41.6,48.9,33.7,44.4,45.6
   51,Male,Asian,Low,Public,Vocational/Technical,-1.55,0.03,0,Professional_1,36.3,41.1,43.5,33.6,40.6
   52,Male,Asian,Medium,Public,Vocational/Technical,-1.58,0.56,0.67,Craftsman,49.5,33.3,48.7,44.4,35.6
   53,Female,Asian,High,Public,Vocational/Technical,0.47,-0.09,0.33,Professional_1,33.6,33.9,38.8,39.6,30.6
   54,Male,Asian,High,Public,Vocational/Technical,0.46,0.03,0.67,Professional_1,54.8,54.7,56.9,58,40.6
   55,Female,Asian,Low,Public,Academic preparatory,-1.78,0.56,1,Professional_1,28.3,46.3,42.8,44.4,50.6
   56,Male,Asian,Low,Public,General,-0.84,-1.09,0.33,Craftsman,41.6,41.7,45.1,36.3,40.6
   57,Female,Asian,Medium,Public,Academic preparatory,-0.89,-0.18,0.67,Professional_2,44.2,43.7,44.5,41.7,50.6
   58,Male,Asian,High,Public,General,-0.68,-0.26,0,Craftsman,60.1,51.5,56.8,60.7,60.5
   59,Female,Asian,Low,Public,Vocational/Technical,-0.6,0.32,1,Clerical,38.9,56.7,41.2,33.6,55.6
   60,Male,Asian,Medium,Public,Vocational/Technical,-0.59,1.19,0.67,Manager,36.3,36.5,35.1,33.6,35.6
   61,Male,Asian,Medium,Public,Academic preparatory,-0.04,0.65,1,Technical,44.2,44.3,61.1,49.8,45.6
   62,Female,Asian,Low,Public,Academic preparatory,0.52,-0.28,0.67,Professional_1,38.9,41.7,33.7,30.9,50.6
   63,Female,Asian,Low,Public,Academic preparatory,-0.34,0.59,1,Military,38.9,33.9,35.1,44.4,40.6
   64,Male,Asian,Medium,Public,Vocational/Technical,-0.44,0.03,0.33,Professional_1,41.6,38.5,38.7,56.3,45.6
   65,Male,Asian,Medium,Public,Vocational/Technical,-0.21,0.03,1,Manager,41.6,43.7,51.1,49.8,40.6
   66,Female,White,High,Public,General,0.32,-1.17,0.33,Professional_1,52.1,54.1,58.1,47.1,60.5
   67,Female,White,Low,Public,General,-0.71,-2.29,0.33,Professional_1,65.4,64.5,63.7,58,70.5
   68,Male,White,Low,Public,Academic preparatory,0.45,0.03,0.67,Craftsman,41.6,25.5,44.3,36.3,35.6
   69,Male,White,Low,Public,Academic preparatory,0.71,0.03,1,Professional_2,46.9,61.9,46.2,60.7,45.6
   70,Male,White,Medium,Public,General,0.06,0.44,0.67,Professional_1,52.1,61.9,66.3,47.1,45.6
   71,Female,White,Medium,Public,Vocational/Technical,0.06,0.28,1,Clerical,44.2,54.1,47.1,58,50.6
   72,Male,White,High,Public,General,0.91,0.34,1,Professional_2,52.1,54.1,58.1,55.8,50.6
   73,Female,White,Medium,Public,Academic preparatory,-1.09,0.03,0.33,Craftsman,46.9,43.7,41.9,41.7,35.6
   74,Female,White,High,Public,General,0.02,0.03,0.67,Professional_2,65.4,56.7,62.3,58.5,55.6
   75,Male,White,High,Private,General,-1.05,0.28,0.67,Professional_1,62.7,64.5,66.3,58,60.5
   76,Female,White,High,Public,General,0.11,-1.42,1,Technical,60.1,59.3,62.1,60.7,50.6
   77,Male,White,Medium,Public,Vocational/Technical,0.89,0.32,0.67,Professional_2,46.9,44.3,48.7,53.1,55.6
   78,Male,White,Low,Public,Vocational/Technical,-0.45,-0.64,0.33,Professional_1,65.4,56.7,55.2,52.6,55.6
   79,Male,White,Medium,Public,General,0.46,-0.3,1,Professional_2,53.2,60.6,61.2,56.9,55.6
   80,Female,White,Medium,Public,General,0.46,-1.17,0,Professional_1,68,62.5,65.4,60.7,60.5
   81,Female,White,High,Public,General,0.28,0.94,1,Professional_2,54.8,56,43.5,49.8,50.6
   82,Female,White,Medium,Public,Academic preparatory,0.06,0.9,0.67,Professional_1,38.9,52.8,54.4,49.8,40.6
   83,Male,White,Medium,Public,General,0.06,0.94,1,Military,52.1,51.5,57.9,60.7,35.6
   84,Male,White,High,Public,General,-0.17,0.31,1,Professional_2,65.4,67.1,75.5,71.5,70.5
   85,Male,White,Low,Public,Academic preparatory,-0.38,0.03,0,Craftsman,52.1,43.7,49.4,55.3,40.6
   86,Female,White,High,Public,General,0.23,-0.6,1,Professional_2,57.4,67.1,68,59.1,65.5
   87,Male,White,Medium,Public,General,1.36,0.59,1,Professional_2,62.7,67.1,69.6,68.8,55.6
   88,Female,White,High,Public,General,-0.39,1.19,1,Professional_1,40.5,59.3,41.9,33.6,50.6
   89,Male,White,Medium,Public,Academic preparatory,-1.28,-1.05,0.33,Professional_1,57.4,43.7,57.8,60.7,45.6
   90,Female,White,Low,Public,Vocational/Technical,-0.65,-1.17,0,Operative,36.3,30.7,45.9,36.3,40.6
   91,Female,White,Medium,Private,Academic preparatory,-0.4,-0.47,1,Professional_2,54.8,59.3,51.8,41.7,55.6
   92,Female,White,High,Public,Vocational/Technical,0.06,-0.29,0.67,Clerical,49.5,56.7,68.1,49.8,55.6
   93,Female,White,Medium,Public,General,0.55,0.9,1,Professional_1,62.7,61.9,59.6,60.7,65.5
   94,Female,White,High,Public,Vocational/Technical,-0.35,-0.89,0,Clerical,49.5,67.1,66.4,66.1,55.6
   95,Female,White,Medium,Public,General,0.3,-1.09,0,Professional_1,51.1,56.7,55.3,47.7,56.8
   96,Female,White,Low,Public,Vocational/Technical,-0.93,0.65,1,Laborer,47.4,45.6,49.4,42.3,45.6
   97,Female,White,Low,Public,General,1.16,-0.72,0.67,Professional_2,56.9,64.5,72.2,54.2,55.6
   98,Male,White,High,Public,General,0,0.15,0.33,Professional_2,73.3,64.5,75.5,60.7,50.6
   99,Male,White,Medium,Public,General,0.52,0.34,1,Professional_1,52.1,54.1,51.4,49.8,50.6
  100,Female,Asian,High,Private,General,0.42,-0.47,0.33,Professional_2,73.3,61.2,57.4,54.7,65.5
  101,Male,Asian,Medium,Private,Academic preparatory,-0.67,-0.47,0,Operative,44.2,48.9,43.1,55.3,45.6
  102,Female,Asian,High,Private,General,0.45,0.65,1,Professional_1,57.4,56.7,46.9,52.6,55.6
  103,Female,Asian,Low,Private,Academic preparatory,0.06,0.32,0,Service,60.1,54.1,49.9,49.8,50.6
  104,Male,Asian,Medium,Private,General,0.26,0.88,1,Professional_1,65.4,59.3,62.3,60.7,65.5
  105,Female,Asian,High,Private,General,0.46,0.34,1,Professional_1,57.4,54.1,59.6,60.7,70.5
  106,Female,Black,Low,Public,Academic preparatory,-0.89,-1.23,1,Professional_2,44.2,48.9,43.8,35.2,50.6
  107,Female,Black,Medium,Public,Vocational/Technical,0.57,-2.62,0,Proprietor,38.9,28.1,38.4,44.4,35.6
  108,Female,Black,High,Public,Vocational/Technical,0.26,0.94,0,Not_working,54.8,38.5,46.8,36.3,45.6
  109,Female,Black,Low,Public,Vocational/Technical,0.31,1.19,1,Clerical,40.5,46.9,40.4,39,50.6
  110,Male,Black,Low,Public,Vocational/Technical,0.93,-1.63,0.67,Operative,38.9,41.1,40.3,34.1,45.6
  111,Male,Black,High,Public,General,0.68,0.94,1,Professional_1,62.7,52.1,66.1,68.8,50.6
  112,Male,Black,Low,Public,General,0.03,0.32,1,Manager,44.7,56.7,50.3,30.9,55.6
  113,Male,Black,High,Public,General,-0.03,0.87,1,Military,53.2,46.3,43,41.7,50.6
  114,Male,Black,Medium,Public,General,0.24,-0.35,1,Operative,30.5,35.9,36.9,33.6,40.6
  115,Female,Black,High,Public,General,1.14,1.19,1,Professional_1,65.9,67.1,67.1,60.7,65.5
  116,Female,Black,Medium,Public,General,0.27,0.34,1,Military,49.5,48.9,48,41.7,60.5
  117,Female,Black,Low,Public,Vocational/Technical,-1.34,1.19,1,Professional_1,44.2,41.1,44.2,44.4,40.6
  118,Male,Black,Low,Public,Academic preparatory,0.45,-0.91,0.33,Craftsman,41.6,41.1,42.8,49.8,40.6
  119,Female,Black,Low,Public,General,0.28,1.19,1,Clerical,56.4,59.3,38.5,55.3,56.8
  120,Female,Black,Low,Public,Vocational/Technical,-1.33,-0.26,0.67,Service,38.4,37.2,33.4,30.9,36.9
  121,Male,Black,Medium,Public,General,0.49,0.94,1,Professional_1,49.5,39.8,44.5,55.3,55.6
  122,Female,Black,Low,Public,General,0.1,0.32,0.67,Professional_1,40,40.4,42.4,48.8,60.5
  123,Female,Black,Medium,Public,Academic preparatory,1.11,-1.05,0.33,Professional_1,70.7,67.1,63,63.4,65.5
  124,Female,Black,Medium,Public,Vocational/Technical,0.22,-0.76,0.67,Technical,45.8,52.1,54.9,44.4,55.6
  125,Female,Black,High,Public,Academic preparatory,0.75,-0.72,0.67,School,42.6,46.3,41.2,28.2,45.6
  126,Male,Black,Medium,Public,General,0.89,0.15,0.67,Professional_2,68,59.3,56.6,50.4,60.5
  127,Female,Black,Low,Public,General,-0.49,0.03,0,Operative,46.9,37.2,42.8,41.7,45.6
  128,Male,Black,Medium,Public,General,0.49,0.44,0.67,Professional_2,53.7,43.7,51.1,52,43.1
  129,Male,Black,Medium,Public,Vocational/Technical,-0.38,0.34,0.67,Military,38.9,28.1,35.3,39,40.6
  130,Female,Black,Low,Public,Vocational/Technical,-0.6,0.9,0.67,Clerical,46.9,61.9,45.4,33.6,45.6
  131,Female,Black,Medium,Public,General,1.36,0.65,0.67,Professional_2,59,56.7,52.9,48.8,56.8
  132,Female,Black,Low,Public,General,-0.24,-0.16,0.33,Technical,62.7,61.9,52.4,47.1,60.5
  133,Female,Black,Low,Public,Vocational/Technical,-0.23,0.44,0.33,School,33.6,35.2,40.9,29.3,25.7
  134,Female,Black,Medium,Public,General,0.51,-1.29,0.33,Clerical,39.4,41.7,46.9,35.2,50.6
  135,Male,Black,Medium,Public,Vocational/Technical,-0.6,-1.43,1,Professional_2,38.9,51.5,38.6,39,35.6
  136,Female,Black,Low,Public,General,0.06,0.94,0.67,Professional_1,45.3,54.7,44.3,33.6,40.6
  137,Male,Black,Medium,Public,General,-0.37,-1.9,0.67,Manager,54.8,36.5,37.7,49.8,60.5
  138,Male,Black,Medium,Public,General,0.46,0.94,0.33,Laborer,36.3,30.7,44.8,39.6,40.6
  139,Female,Black,Low,Public,General,0.44,0.65,1,Operative,46.9,46.3,48.5,32.5,40.6
  140,Female,Black,Low,Public,Vocational/Technical,0.1,1.19,1,Service,38.9,35.9,46.8,39,40.6
  141,Male,Black,Medium,Public,Vocational/Technical,-2.23,1.19,1,Operative,36.3,38.5,39.3,39,45.6
  142,Male,Black,Medium,Public,General,1.13,0.87,1,Professional_2,57.4,54.7,51.7,49.8,50.6
  143,Male,Black,Medium,Public,General,0.26,1.19,1,Professional_1,52.1,52.8,37.6,52.6,50.6
  144,Female,Black,Low,Public,Academic preparatory,-0.04,-0.29,0.67,Professional_2,41.6,38.5,40.2,33.6,45.6
  145,Male,Black,High,Public,Vocational/Technical,0.69,0.03,0.67,Professional_1,49.5,39.8,38.6,49.3,46.8
  146,Female,Black,Low,Public,Academic preparatory,-1.76,-0.93,0.67,Manager,36.3,38.5,36.4,36.3,50.6
  147,Male,Black,High,Public,Vocational/Technical,-0.66,-0.08,1,Protective,44.7,33.3,33.7,39,35.6
  148,Male,Black,Medium,Public,Academic preparatory,-0.44,-0.31,0.67,Professional_1,49.5,59.3,42.1,52.6,60.5
  149,Male,Black,Low,Public,General,1.16,1.19,0.33,Professional_1,55.3,46.9,49.1,54.2,51.8
  150,Female,Black,Medium,Public,General,0.91,-0.28,1,Military,60.1,67.1,56.2,37.4,50.6
  151,Female,Black,High,Public,Academic preparatory,0.75,-0.26,0.67,Service,41.6,35.9,42,31.4,39.4
  152,Male,Black,Medium,Public,General,-1.14,-0.06,1,Manager,36.3,46.3,36.9,41.7,35.6
  153,Female,Black,Medium,Public,Academic preparatory,0.46,0.03,1,School,52.1,56.7,62.8,47.1,60.5
  154,Female,Black,Low,Public,General,0.45,0.03,1,Clerical,49.5,46.3,52.9,52.6,65.5
  155,Female,Black,Low,Public,Vocational/Technical,-0.54,-0.59,1,Homemaker,38.9,35.9,38.4,33.6,35.6
  156,Male,Black,High,Public,Vocational/Technical,-0.42,-0.6,1,School,54.8,56.7,64.7,58,60.5
  157,Male,Black,Medium,Public,Vocational/Technical,-0.38,0.56,1,Craftsman,33.6,36.5,45.7,39,30.6
  158,Female,Black,Low,Public,Academic preparatory,1.16,0.59,1,Professional_2,36.3,45,44.3,39,40.6
  159,Male,Black,Low,Public,Academic preparatory,-0.68,0.32,0.67,Professional_1,36.3,44.3,34.4,47.1,45.6
  160,Female,Black,Low,Private,Academic preparatory,0.7,0.87,1,Clerical,46.9,54.1,46.4,49.8,55.6
  161,Female,Black,Medium,Private,General,0.48,0.63,1,Professional_2,54.8,48.2,58.7,51.5,45.6
  162,Female,Black,High,Private,General,-0.4,-1.8,0.33,Clerical,50,45,42.9,41.7,45.6
  163,Female,Black,Medium,Private,General,0.66,0,1,Professional_2,52.1,48.9,48.5,44.4,60.5
  164,Male,Hispanic,High,Public,General,0.06,0.03,1,Professional_1,62.7,64.5,71.3,55.3,70.5
  165,Male,Hispanic,Low,Public,Vocational/Technical,0.46,-1.17,0.33,Laborer,46.9,30.7,40.3,58,35.6
  166,Male,Hispanic,Medium,Public,Vocational/Technical,-0.4,0.88,0.33,Farmer,54.8,45,45.9,58,50.6
  167,Female,Hispanic,High,Public,General,0.06,0.03,0.67,Professional_2,54.8,54.1,47.1,49.8,50.6
  168,Female,Hispanic,Medium,Public,Academic preparatory,-0.69,-1.13,0.67,Clerical,46.9,54.1,45.4,44.4,45.6
  169,Female,Hispanic,Medium,Public,General,1.16,1.19,1,Professional_2,70.7,64.5,72.2,66.1,55.6
  170,Male,Hispanic,Low,Public,Academic preparatory,0.3,-0.59,1,Technical,54.8,46.3,45.5,58,60.5
  171,Female,Hispanic,Medium,Public,General,0.08,0.59,1,Professional_1,57.4,56.7,53.9,60.7,60.5
  172,Male,Hispanic,Medium,Public,Vocational/Technical,-1.3,0.03,1,Military,54.8,41.1,40.2,44.4,40.6
  173,Female,Hispanic,Low,Public,Academic preparatory,-0.61,0.03,0.33,Proprietor,44.2,54.1,40.3,52.6,40.6
  174,Male,Hispanic,Medium,Public,General,-0.16,0.65,1,Military,68,61.9,69.7,71.5,60.5
  175,Female,Hispanic,Medium,Public,General,1.16,0.65,1,Clerical,65.4,67.1,63.1,55.3,70.5
  176,Female,Hispanic,High,Public,Academic preparatory,0.91,0.65,0.33,Proprietor,54.8,48.9,41.9,52.6,55.6
  177,Male,Hispanic,Medium,Public,General,0.68,0.03,0.67,Professional_2,71.2,63.2,60.2,65.5,65.5
  178,Male,Hispanic,Medium,Public,General,0.06,-0.29,0.67,Farmer,57.4,64.5,51.1,63.4,60.5
  179,Female,Hispanic,Medium,Public,General,1.16,0.03,1,Manager,70.7,67.1,61.2,60.7,70.5
  180,Female,Hispanic,Medium,Public,Vocational/Technical,-0.59,0.03,0.33,School,33.6,54.1,41,41.7,50.6
  181,Female,Hispanic,High,Public,General,1.13,0.87,1,Professional_2,76,62.5,60,67.2,65.5
  182,Male,Hispanic,High,Public,General,0.42,0.56,0.67,Not_working,70.7,56,62,67.7,63
  183,Female,Hispanic,Low,Public,General,1.16,0.63,0.67,Sales,58.5,54.1,46.3,48.2,53.1
  184,Male,Hispanic,High,Public,Academic preparatory,1.16,-0.81,0.67,Professional_1,65.4,64.5,48,63.4,65.5
  185,Female,Hispanic,Medium,Public,Academic preparatory,0.45,0.56,1,Laborer,52.1,43.7,41.9,47.1,45.6
  186,Male,Hispanic,Medium,Public,Vocational/Technical,-0.16,-0.53,0.67,Laborer,62.7,61.9,67,66.1,45.6
  187,Female,Hispanic,Low,Public,Academic preparatory,0.68,-0.6,0.33,School,52.1,64.5,59.7,55.8,50.6
  188,Female,Hispanic,High,Public,General,0.06,0.03,1,Professional_2,41.6,54.1,41.2,41.7,40.6
  189,Female,Hispanic,High,Public,General,1.11,0.9,0.33,Manager,62.7,64.5,61.4,58,60.5
  190,Female,Hispanic,High,Public,Vocational/Technical,-0.41,0.03,0.67,Service,49.5,51.5,45.1,58,35.6
  191,Male,Hispanic,High,Public,General,0.49,0.94,1,Technical,54.8,56.7,63.8,60.7,65.5
  192,Female,Hispanic,Medium,Public,General,0.67,0.03,0.67,Professional_1,52.1,56.7,51.1,55.3,55.6
  193,Female,Hispanic,Medium,Public,General,0.51,0.03,1,School,54.8,54.1,66.4,41.7,55.6
  194,Male,Hispanic,High,Public,Academic preparatory,-0.84,0.34,0,Professional_2,41.6,46.3,59.6,63.4,65.5
  195,Male,Hispanic,High,Public,General,0.27,0.03,1,Professional_2,60.1,51.5,48.1,52.6,55.6
  196,Female,Hispanic,Medium,Public,Vocational/Technical,0.06,0.03,1,Clerical,68,61.9,55.5,49.8,50.6
  197,Female,Hispanic,Low,Public,Vocational/Technical,-1.15,-1.38,1,Not_working,49.5,56.7,46.1,53.6,40.6
  198,Female,Hispanic,Medium,Public,General,0.66,-0.47,0.67,Professional_1,54.8,59.3,50.6,60.7,50.6
  199,Male,Hispanic,Low,Public,Vocational/Technical,-0.82,0.63,1,Protective,36.8,36.5,41.5,33.1,31.9
  200,Male,Hispanic,High,Public,General,-0.27,0.88,1,Sales,52.1,64.5,60.6,60.7,45.6
  201,Female,Hispanic,Medium,Public,Vocational/Technical,0.31,0.63,1,Clerical,38.9,56.7,46.3,58,55.6
  202,Male,Hispanic,Medium,Public,General,1.13,-0.6,0.67,Technical,73.3,67.1,71.3,63.4,65.5
  203,Female,Hispanic,Medium,Public,General,-0.44,-0.78,1,Professional_2,58,48.9,43.8,44.4,65.5
  204,Female,Hispanic,Medium,Public,General,0.44,0.03,1,Professional_1,55.3,51.5,48,58,65.5
  205,Female,Hispanic,Low,Public,Vocational/Technical,-0.9,-2.54,0,Homemaker,44.2,43.7,40.2,39.6,30.6
  206,Female,Hispanic,Low,Public,Vocational/Technical,-0.18,0.28,0.33,Homemaker,44.2,51.5,46.1,47.1,50.6
  207,Female,Hispanic,Medium,Public,Academic preparatory,1.11,0.9,0.33,Homemaker,55.3,50.2,41.7,58.5,55.6
  208,Male,Hispanic,Low,Public,Academic preparatory,0.05,-0.6,0,Operative,57.4,51.5,40.6,46.6,56.8
  209,Female,Hispanic,Medium,Public,Academic preparatory,-0.63,0.44,0.33,Homemaker,41.6,43.7,46.8,36.3,50.6
  210,Female,Hispanic,Medium,Public,Academic preparatory,0.06,0.03,1,Professional_1,54.8,59.3,46.2,47.1,65.5
  211,Female,Hispanic,Medium,Public,Academic preparatory,0.71,-0.29,0.67,Professional_1,57.4,61.9,55.5,58,65.5
  212,Male,Hispanic,Medium,Public,Academic preparatory,0.26,0.03,1,Craftsman,57.4,51.5,55.3,60.7,60.5
  213,Female,Hispanic,Low,Public,Academic preparatory,0.04,-0.47,0.67,Clerical,33.6,59.3,44.7,47.1,45.6
  214,Female,Hispanic,Medium,Public,Vocational/Technical,-1.81,-0.64,1,Service,41.6,54.1,46.9,47.1,45.6
  215,Female,Hispanic,Medium,Public,General,-0.4,-0.22,0.67,Professional_1,52.1,38.5,36.1,44.4,45.6
  216,Female,Hispanic,High,Public,General,0.68,0.03,1,Sales,65.4,67.1,64.5,60.7,70.5
  217,Female,Hispanic,Medium,Public,General,0,-0.42,0.67,Proprietor,49.5,51.5,52.9,39,55.6
  218,Female,Hispanic,Medium,Public,Vocational/Technical,0.46,0.03,1,Clerical,57.4,67.1,47.7,55.8,50.6
  219,Female,Hispanic,Medium,Public,Vocational/Technical,0.1,0.03,0.33,Manager,49.5,56.7,48,47.1,60.5
  220,Female,Hispanic,Medium,Public,General,0.66,0.34,1,Homemaker,56.9,49.5,49.5,50.9,58.1
  221,Male,Hispanic,Low,Public,Academic preparatory,-0.36,-1.67,1,Farmer,44.2,43.7,56.4,58,60.5
  222,Male,Hispanic,High,Public,Academic preparatory,0.93,0.34,1,Professional_2,46.9,54.1,54.6,55.3,50.6
  223,Male,Hispanic,Medium,Public,Vocational/Technical,0.48,0.03,1,Professional_2,60.1,46.3,51.4,52.6,60.5
  224,Female,Hispanic,Medium,Public,Academic preparatory,-1.15,-0.47,0.67,Homemaker,44.2,56.7,52.2,44.4,55.6
  225,Male,Hispanic,Medium,Public,General,0.89,0.59,0.67,Manager,60.6,56.7,70.5,58,65.5
  226,Male,Hispanic,High,Public,General,0.49,1.19,1,Professional_2,46.9,51.5,50.6,49.8,55.6
  227,Male,Hispanic,Medium,Public,General,0.44,0.65,1,Farmer,52.1,54.1,54.6,41.7,55.6
  228,Female,Hispanic,Medium,Public,General,0,-0.82,0.67,Professional_2,54.8,67.1,63.8,49.8,50.6
  229,Female,Hispanic,Low,Public,General,0.91,0.03,1,Clerical,60.6,59.3,49.4,44.4,65.5
  230,Female,Hispanic,High,Public,Academic preparatory,-0.2,1.19,1,Service,41.6,46.9,41.7,47.1,60.5
  231,Female,Hispanic,Low,Public,Academic preparatory,0,-1.09,0.67,Professional_1,62.7,51.5,45.9,47.1,45.6
  232,Female,Hispanic,Medium,Public,General,0.2,-0.47,0.33,Proprietor,38.9,54.1,53.7,52.6,40.6
  233,Female,Hispanic,Medium,Public,Vocational/Technical,0.06,0.03,0.67,Service,62.7,61.9,58.8,60.7,60.5
  234,Female,Hispanic,High,Public,General,0.96,0.87,1,Professional_1,57.4,64.5,48,47.1,50.6
  235,Female,Hispanic,Medium,Public,General,0.2,-0.55,0.67,Professional_1,60.1,61.9,48.7,49.8,50.6
  236,Male,Hispanic,Medium,Public,General,0.08,0.94,0.67,Professional_2,73.3,61.9,60.5,71.5,55.6
  237,Male,Hispanic,Medium,Public,General,1.36,-0.8,0.67,Sales,52.1,59.3,59.6,59.1,40.6
  238,Male,Hispanic,High,Public,General,0.46,0.94,1,Professional_2,65.4,61.9,67.9,66.1,65.5
  239,Female,Hispanic,Low,Public,Vocational/Technical,-0.84,-0.18,0,Clerical,33.6,46.3,38.4,36.3,45.6
  240,Male,Hispanic,Medium,Public,General,0.46,0.03,0.67,Professional_1,62.7,54.1,54.8,55.3,65.5
  241,Male,Hispanic,Low,Public,General,0.48,0.69,0.67,Technical,62.7,43,58.9,65,44.3
  242,Male,Hispanic,High,Public,General,0.75,1.19,1,Professional_2,68,61.9,52.2,60.7,65.5
  243,Female,Hispanic,Medium,Public,General,-0.4,0.03,0,Clerical,54.8,49.5,55.3,47.1,51.8
  244,Female,Hispanic,High,Public,General,0.71,0.34,0.67,Professional_1,68,61.9,64.5,68.8,60.5
  245,Male,Hispanic,Medium,Public,Academic preparatory,0.46,0.34,0.67,Professional_1,62.2,56.7,51.9,54.7,58.1
  246,Female,Hispanic,Medium,Public,Vocational/Technical,0.43,-0.47,1,Clerical,42.6,50.8,44.6,39,55.6
  247,Female,Hispanic,Medium,Public,Vocational/Technical,0.46,-0.47,0,Professional_1,49.5,61.9,41.4,55.3,30.6
  248,Male,Hispanic,Medium,Public,Academic preparatory,-0.49,0.03,0.33,Professional_1,65.4,59.3,56.8,66.1,60.5
  249,Female,Hispanic,Medium,Public,General,-1.56,0.03,0.33,Service,62.7,54.1,53,55.3,45.6
  250,Male,Hispanic,Medium,Public,Academic preparatory,-0.17,-0.84,0.67,Service,62.7,56.7,54.3,58,50.6
  251,Male,Hispanic,High,Public,Academic preparatory,0.66,0.34,1,Military,60.1,51.5,53,63.4,55.6
  252,Female,Hispanic,Low,Public,General,0.48,0.32,1,School,49.5,54.1,38.7,49.8,50.6
  253,Male,Hispanic,Medium,Public,Academic preparatory,-0.14,-0.24,0.67,Professional_1,54.8,38.5,57,52.6,45.6
  254,Female,Hispanic,High,Public,General,0.48,-0.47,0.33,Professional_1,52.1,61.9,55.5,60.7,60.5
  255,Male,Hispanic,Medium,Public,General,-1.13,-0.55,0.33,Protective,44.2,46.9,45.5,39,50.6
  256,Male,Hispanic,High,Public,Academic preparatory,0.06,0.03,0,Professional_2,44.2,33.3,53.9,58,30.6
  257,Male,Hispanic,Medium,Public,Academic preparatory,0.2,-0.47,0.33,Farmer,38.9,38.5,53,52.6,50.6
  258,Female,Hispanic,Medium,Public,Vocational/Technical,-0.64,-0.51,0.67,Homemaker,49.5,56.7,47.7,44.4,60.5
  259,Female,Hispanic,Medium,Public,Academic preparatory,0.23,0.44,1,Craftsman,49.5,51.5,45.5,49.8,55.6
  260,Female,Hispanic,Medium,Public,General,0.1,1.19,1,Professional_1,52.1,56.7,62.3,66.1,70.5
  261,Male,Hispanic,Medium,Public,Vocational/Technical,0.28,0.03,1,Professional_1,54.8,59.3,49.5,63.4,56.8
  262,Female,Hispanic,High,Public,General,0.52,0.59,1,Professional_1,68,59.9,64,68.8,65.5
  263,Male,Hispanic,Medium,Public,General,0.46,0.03,0.67,Operative,54.8,64.5,58.6,55.3,60.5
  264,Female,Hispanic,Low,Public,Academic preparatory,-0.8,0.15,0.33,Service,41.6,41.1,39.5,47.1,60.5
  265,Female,Hispanic,Low,Public,Vocational/Technical,-1.33,-0.6,0.33,Clerical,34.7,35.2,40.2,50.9,33.1
  266,Female,Hispanic,Low,Public,Academic preparatory,-1.33,0.34,0,Homemaker,44.2,41.1,36.9,41.7,45.6
  267,Male,Hispanic,High,Public,General,0.68,0.34,1,Technical,57.4,56.7,62.8,58,50.6
  268,Female,Hispanic,High,Public,General,0.46,-0.55,0.33,Professional_2,41.6,54.1,50.3,49.8,51.8
  269,Male,Hispanic,Medium,Public,Vocational/Technical,-0.44,-0.22,0,Craftsman,44.2,33.3,40.9,47.1,45.6
  270,Female,Hispanic,Medium,Public,General,0.23,-0.76,1,Professional_1,65.4,64.5,59.6,66.1,60.5
  271,Female,Hispanic,High,Public,Vocational/Technical,0.29,0.03,1,Homemaker,49.5,48.9,56.2,47.1,45.6
  272,Female,Hispanic,Low,Public,Academic preparatory,0.46,0.03,0.67,Technical,52.1,56.7,53,47.1,50.6
  273,Female,Hispanic,Medium,Public,Academic preparatory,0.46,0.03,0.33,Sales,44.7,38.5,45.9,44.4,35.6
  274,Female,Hispanic,High,Public,Academic preparatory,0.33,-0.26,1,Homemaker,52.1,67.1,57,63.4,60.5
  275,Female,Hispanic,High,Public,Academic preparatory,-0.44,-0.47,1,Professional_1,54.8,65.1,66.1,49.8,60.5
  276,Male,Hispanic,Medium,Public,Vocational/Technical,-1.05,-0.34,0.67,Clerical,44.2,38.5,41.4,42.3,35.6
  277,Female,Hispanic,High,Public,General,1.11,0.34,1,Professional_2,73.3,67.1,62.3,58,65.5
  278,Male,Hispanic,Low,Public,General,0.46,-0.18,1,Professional_2,52.1,46.3,48.3,58,60.5
  279,Male,Hispanic,Low,Public,Vocational/Technical,0.08,0.94,0.33,Craftsman,49.5,52.8,50.6,48.8,66.8
  280,Male,Hispanic,High,Public,General,0.31,0.03,1,Professional_2,54.8,48.9,61.2,60.7,55.6
  281,Male,Hispanic,High,Public,Vocational/Technical,-0.18,0.03,0.67,Craftsman,44.2,48.9,56.3,41.7,60.5
  282,Female,Hispanic,Medium,Public,Academic preparatory,0.71,-0.05,0.67,Clerical,52.7,47.6,52.2,45,50.6
  283,Male,Hispanic,High,Public,General,0.02,0.13,0.33,Professional_1,73.3,59.9,70.5,60.7,70.5
  284,Male,Hispanic,High,Public,General,1.36,1.19,1,Professional_1,65.4,48.9,66.3,58,35.6
  285,Female,Hispanic,Medium,Public,General,0,0.03,0.67,Clerical,61.1,61.2,62.2,57.4,53.1
  286,Female,Hispanic,High,Public,General,0.52,0.34,1,Professional_2,65.4,54.1,61.4,58,55.6
  287,Female,Hispanic,High,Public,General,0.66,0.34,0.67,Professional_1,54.8,56.7,61.9,63.4,55.6
  288,Male,Hispanic,Low,Public,Academic preparatory,0.25,0.65,0,Farmer,49.5,48.9,50.4,63.4,55.6
  289,Male,Hispanic,High,Public,General,-0.38,0.03,1,Professional_1,60.1,54.1,58,58,60.5
  290,Female,Hispanic,High,Public,Academic preparatory,0.46,-1.11,0.33,Professional_1,65.4,67.1,67,66.1,70.5
  291,Female,Hispanic,Medium,Public,Academic preparatory,0.23,0.03,1,Sales,65.4,56.7,65.4,58,70.5
  292,Female,Hispanic,Low,Public,Vocational/Technical,-1.09,-0.9,0.67,Professional_1,57.4,59.9,50.5,52.6,36.9
  293,Female,Hispanic,Medium,Public,General,0.71,-0.55,1,Professional_1,60.1,59.3,64.3,60.7,65.5
  294,Male,Hispanic,Low,Public,General,-0.82,-0.76,0,Clerical,57.4,43.7,59.6,52.6,50.6
  295,Female,Hispanic,High,Public,Academic preparatory,1.36,0.03,0.67,School,46.9,59.3,56.3,66.1,60.5
  296,Female,Hispanic,High,Public,Vocational/Technical,-0.14,-0.86,0,Professional_1,38.9,46.3,50.1,36.3,45.6
  297,Female,Hispanic,High,Public,General,0.46,1.19,0.67,Professional_2,65.9,64.5,61.8,60.7,60.5
  298,Female,Hispanic,High,Public,General,0.06,0.32,1,Clerical,62.7,64.5,70.5,68.8,70.5
  299,Male,Hispanic,High,Public,Vocational/Technical,-0.51,-1.98,0,Not_working,60.1,57.3,58.8,58,50.6
  300,Male,Hispanic,High,Public,General,0.68,0.03,0.33,Professional_1,73.3,64.5,64,60.7,65.5
  301,Female,Hispanic,High,Public,General,0.75,1.19,1,Professional_1,60.1,61.9,67.1,49.8,55.6
  302,Male,Hispanic,Medium,Public,General,0.69,0.05,0.67,Professional_2,60.1,59.3,57.9,40.6,65.5
  303,Female,Hispanic,Low,Public,Academic preparatory,-0.84,-0.24,1,Homemaker,54.8,64.5,44.5,52.6,50.6
  304,Male,Hispanic,High,Public,General,0.01,0.32,0,Technical,52.1,41.1,50.6,52.6,55.6
  305,Female,Hispanic,Medium,Public,Academic preparatory,-0.16,-0.45,0.67,Homemaker,49.5,54.1,61.9,52.6,50.6
  306,Female,Hispanic,High,Public,General,-0.6,0.28,1,Professional_1,33.6,41.1,42.9,41.7,50.6
  307,Male,Hispanic,High,Public,General,0.46,0.34,1,Professional_1,76,52.1,64.1,63.9,60.5
  308,Male,Hispanic,Low,Public,General,0,0.65,0.67,Military,46.9,33.3,50.4,47.1,55.6
  309,Female,Hispanic,High,Public,Academic preparatory,0.32,0.9,0.67,Professional_2,33.6,51.5,41.9,49.8,50.6
  310,Male,Hispanic,High,Public,General,0.52,0.65,0.33,Craftsman,54.3,62.5,56.6,54.7,45.6
  311,Male,Hispanic,High,Public,Vocational/Technical,0.46,0.63,0.67,Craftsman,46.9,52.8,49.3,53.1,35.6
  312,Female,Hispanic,Medium,Public,General,0.66,0.03,1,Clerical,52.1,56.7,41.9,52.6,60.5
  313,Female,Hispanic,Medium,Public,General,0.46,-0.47,0.67,Professional_2,50,41.1,45.1,44.4,55.6
  314,Male,Hispanic,Medium,Public,Academic preparatory,0.26,0.03,1,Craftsman,49.5,35.9,47.8,52.6,35.6
  315,Female,Hispanic,High,Public,General,0.91,-0.47,0.67,Professional_2,57.4,59.3,57.2,59.1,65.5
  316,Female,Hispanic,Medium,Public,Vocational/Technical,1.36,0.87,1,Homemaker,36.3,43.7,37.2,41.7,40.6
  317,Female,Hispanic,Medium,Public,General,0.02,-1.05,0.33,Professional_1,60.1,64.5,61.2,60.7,50.6
  318,Female,Hispanic,Low,Public,Academic preparatory,-0.44,-0.47,0.33,Professional_1,38.9,46.3,41.9,41.7,45.6
  319,Male,Hispanic,Low,Public,Vocational/Technical,-0.44,-0.55,0.33,Homemaker,46.9,38.5,47.1,41.7,25.7
  320,Male,Hispanic,Low,Public,Vocational/Technical,0.22,0.03,0.67,Technical,60.1,41.7,52,52.6,50.6
  321,Male,Hispanic,Low,Public,Vocational/Technical,-0.91,-0.59,0.67,Operative,44.2,39.1,46.3,36.3,40.6
  322,Male,Hispanic,Medium,Public,Academic preparatory,-0.84,-0.57,0.33,Craftsman,33.6,33.3,41,36.3,35.6
  323,Male,Hispanic,Medium,Public,Vocational/Technical,0.66,0.34,0.33,Craftsman,33.6,38.5,42.9,47.1,45.6
  324,Female,Hispanic,High,Public,General,0.94,0.03,1,Professional_2,68,56.7,59.6,58,25.7
  325,Female,Hispanic,Medium,Public,Academic preparatory,-0.65,0.03,0.33,Professional_1,41.6,39.1,42.3,41.7,40.6
  326,Male,Hispanic,Low,Public,Academic preparatory,1.13,0.03,0.33,Laborer,45.8,41.7,43.1,53.6,36.9
  327,Female,Hispanic,Low,Public,Vocational/Technical,1.36,0.63,1,Clerical,68,64.5,58.9,63.4,45.6
  328,Female,Hispanic,Medium,Public,Vocational/Technical,0.22,0.03,0.33,Clerical,52.1,54.7,49.5,53.6,60.5
  329,Male,Hispanic,High,Public,General,-0.43,0.03,1,Professional_1,52.1,44.3,53.1,58,45.6
  330,Male,Hispanic,Low,Public,Academic preparatory,0.28,-0.06,0.33,Craftsman,44.2,30.7,35.3,47.1,45.6
  331,Female,Hispanic,Low,Public,Academic preparatory,-1.99,0.03,0,Professional_1,39.4,54.1,38.7,47.1,35.6
  332,Male,Hispanic,Medium,Public,General,-0.4,0.03,0,Professional_2,44.2,33.3,47.8,44.4,45.6
  333,Male,Hispanic,Medium,Public,Academic preparatory,-0.03,-0.16,0,Manager,33.6,43.7,42.6,47.1,35.6
  334,Female,Hispanic,Medium,Public,General,0.08,-0.24,0.33,Professional_2,52.1,59.3,48,55.3,60.5
  335,Female,Hispanic,Medium,Public,Academic preparatory,0.46,0.34,0.67,Professional_1,62.7,61.9,52.9,44.4,40.6
  336,Male,Hispanic,High,Public,Academic preparatory,0.06,0.03,0.67,Proprietor,41.6,39.1,56.3,45,50.6
  337,Male,Hispanic,Medium,Public,General,-0.39,-0.28,0.67,Professional_1,44.2,51.5,51.1,63.4,60.5
  338,Female,Hispanic,Low,Public,Vocational/Technical,0.26,-0.26,0,Manager,49.5,56.7,43.8,47.1,40.6
  339,Male,Hispanic,Medium,Public,General,0.46,0.03,1,Military,70.7,56.7,51.3,71.5,55.6
  340,Male,Hispanic,High,Public,General,0.47,0.01,1,Professional_2,68,64.5,61.5,55.3,60.5
  341,Female,Hispanic,High,Public,General,0.71,0.03,1,School,68,61.9,72.2,66.1,56.8
  342,Female,Hispanic,Medium,Public,General,-0.16,-0.47,0.67,Professional_1,36.3,61.9,52.2,39,45.6
  343,Male,Hispanic,Low,Public,Academic preparatory,-0.37,-0.47,0.67,Professional_1,41.6,48.9,42.6,49.8,55.6
  344,Female,Hispanic,Low,Public,Academic preparatory,0.27,-2.52,0.33,Operative,38.9,32,35.3,46.6,51.8
  345,Male,Hispanic,Medium,Public,General,0.71,0.34,0.67,Professional_1,52.1,41.1,51.3,60.7,65.5
  346,Female,Hispanic,Medium,Public,General,0.46,0.03,0.67,Professional_1,57.4,59.3,53.9,49.8,55.6
  347,Female,Hispanic,High,Public,General,0.28,0.03,0.67,Professional_1,62.7,67.1,65.6,61.8,65.5
  348,Female,Hispanic,Medium,Public,Academic preparatory,0.46,0.03,1,Professional_2,65.4,51.5,61.4,60.7,50.6
  349,Male,Hispanic,High,Public,Vocational/Technical,-1.5,0.03,0.67,Professional_1,33.6,48.9,38.6,42.3,55.6
  350,Male,Hispanic,High,Public,General,-0.41,0.28,0.33,Technical,46.9,35.9,42.6,58,55.6
  351,Female,Hispanic,Medium,Public,General,0.32,0.9,0.67,Clerical,52.1,59.3,58.1,47.1,45.6
  352,Female,Hispanic,Medium,Public,Academic preparatory,0.32,0.65,1,Professional_1,54.8,61.9,58.1,58,60.5
  353,Male,Hispanic,Medium,Public,General,-0.21,-1.13,0,Craftsman,38.9,41.1,43.6,55.3,45.6
  354,Female,Hispanic,Medium,Public,General,-0.6,-1.18,0.67,Clerical,54.8,59.3,68,49.3,65.5
  355,Female,Hispanic,Low,Public,Academic preparatory,-0.4,-0.89,0.33,Operative,41.6,56.7,45,50.4,43.1
  356,Female,Hispanic,Low,Public,Vocational/Technical,-0.89,-1.29,0.33,Professional_1,60.1,64.5,41,52.6,50.6
  357,Female,Hispanic,Medium,Public,Vocational/Technical,0.06,-0.28,1,Clerical,65.9,64.5,54.6,60.7,60.5
  358,Female,Hispanic,High,Public,General,0.45,0.03,1,Homemaker,62.7,51.5,54.4,49.8,50.6
  359,Male,Hispanic,Medium,Public,General,0.22,0.32,1,School,49.5,56.7,62.8,49.8,70.5
  360,Female,Hispanic,High,Public,General,0.71,0.28,1,Proprietor,60.1,64.5,63,68.8,60.5
  361,Female,Hispanic,Medium,Public,Vocational/Technical,0.91,0.34,1,Clerical,68,59.3,53,63.4,60.5
  362,Male,Hispanic,Medium,Public,Academic preparatory,0,0.65,1,Manager,54.8,64.5,51.1,49.8,55.6
  363,Male,Hispanic,Low,Public,Vocational/Technical,-0.38,0.03,1,Operative,38.9,41.7,37.7,44.4,45.6
  364,Female,Hispanic,Medium,Public,General,-0.16,-2.58,1,Professional_2,52.1,59.3,58.1,52.6,65.5
  365,Female,Hispanic,Low,Public,Academic preparatory,-1.1,-0.28,0.67,Homemaker,38.9,41.1,45.9,47.1,45.6
  366,Female,Hispanic,Medium,Public,Academic preparatory,0.93,0.03,1,Professional_2,65.9,67.1,70.5,52.6,65.5
  367,Male,Hispanic,High,Public,Academic preparatory,0.7,-0.16,0.33,Professional_1,68,59.3,55.7,63.4,65.5
  368,Male,Hispanic,Medium,Public,Vocational/Technical,-0.45,-0.26,0,Craftsman,38.9,35.9,44.2,55.3,55.6
  369,Female,Hispanic,Medium,Public,Vocational/Technical,0.02,-2.03,0.67,Clerical,38.9,59.3,39.5,39,50.6
  370,Female,Hispanic,Low,Public,Vocational/Technical,-0.19,-2.58,0,Clerical,41.6,54.1,41,41.7,40.6
  371,Male,Hispanic,Medium,Public,Academic preparatory,0.91,-0.47,0.67,Operative,44.2,41.1,50.5,58,40.6
  372,Male,Hispanic,Medium,Public,Academic preparatory,0.09,-1.42,0.33,Proprietor,52.1,61.9,59.6,58,55.6
  373,Female,Hispanic,Low,Public,General,0,0.65,1,Technical,68,64.5,58.3,58.5,55.6
  374,Male,Hispanic,Low,Public,General,0.7,-0.16,1,Professional_2,49.5,61.9,50.9,46.1,66.8
  375,Male,Hispanic,Low,Public,Academic preparatory,-0.6,0.56,0.33,Craftsman,36.3,43.7,44.3,47.1,30.6
  376,Male,Hispanic,Medium,Public,Academic preparatory,-1.33,0.03,0.67,Craftsman,41.6,30.7,56.9,47.1,50.6
  377,Female,Hispanic,Medium,Public,General,-0.16,0.03,1,Operative,57.4,57.3,64,58,65.5
  378,Male,Hispanic,High,Public,General,0.46,0.65,1,Professional_1,68,54.1,63,63.4,60.5
  379,Male,Hispanic,High,Public,General,-0.33,0.38,0.67,Manager,62.7,59.3,56.5,55.3,55.6
  380,Female,Hispanic,High,Public,Academic preparatory,0.25,0.03,0.67,Homemaker,49.5,51.5,55.5,44.4,55.6
  381,Female,Hispanic,Medium,Public,General,0.22,-0.57,1,Clerical,61.1,67.1,64.5,50.4,55.6
  382,Male,Hispanic,High,Public,General,0.22,1.19,0.33,Sales,38.9,33.3,37.7,47.1,40.6
  383,Female,Hispanic,Medium,Public,Academic preparatory,0.27,0.03,0.67,Clerical,46.9,56.7,63.8,55.3,55.6
  384,Male,Hispanic,Medium,Public,Vocational/Technical,-2.23,1.19,0.33,Laborer,44.2,38.5,41.2,49.8,45.6
  385,Female,Hispanic,Low,Public,Academic preparatory,-0.38,0.37,0.67,Homemaker,44.2,43.7,46.1,47.1,50.6
  386,Female,Hispanic,Medium,Public,General,0.06,0.65,0.33,Proprietor,47.4,64.5,53.9,55.8,50.6
  387,Female,Hispanic,High,Public,General,0.89,0.88,1,Professional_1,52.1,59.3,64,61.2,55.6
  388,Female,Hispanic,High,Public,Academic preparatory,1.13,0.03,0.33,Professional_1,43.2,54.1,54.8,55.3,45.6
  389,Female,Hispanic,Low,Public,Academic preparatory,-1.02,-1.67,0.67,Laborer,45.3,43,52.3,60.7,56.8
  390,Female,Hispanic,High,Public,General,0.45,0.03,0.67,Professional_1,60.1,61.9,51.9,53.1,58.1
  391,Female,Hispanic,High,Public,General,0.06,0.65,0,Professional_1,65.4,59.3,56.8,46.1,65.5
  392,Male,Hispanic,Low,Public,Vocational/Technical,-1.74,0.61,0.33,Not_working,45.8,34.6,37.9,39,45.6
  393,Male,Hispanic,Medium,Public,Vocational/Technical,-1.3,0.13,0.33,Proprietor,44.2,41.1,51.8,47.1,40.6
  394,Male,Hispanic,Medium,Public,General,0.46,0.03,0,Operative,73.3,61.9,73.1,68.8,65.5
  395,Female,Hispanic,Medium,Public,General,0.55,-0.24,0.67,Sales,46.9,56.7,54.6,47.1,55.6
  396,Female,Hispanic,Medium,Public,Vocational/Technical,-0.68,0.03,0.33,Not_working,38.9,38.5,41.2,39,35.6
  397,Male,Hispanic,Medium,Public,Vocational/Technical,0.25,-0.26,0.33,Craftsman,49.5,30.7,40.3,33.6,30.6
  398,Female,Hispanic,Low,Public,Vocational/Technical,0.96,0.94,0.67,Professional_1,46.9,50.2,46.5,47.1,51.8
  399,Female,Hispanic,Low,Public,Academic preparatory,-0.24,0.03,0.67,Professional_1,45.8,54.1,49.5,47.1,55.6
  400,Male,Hispanic,Low,Public,Academic preparatory,-0.4,0.65,0.67,Laborer,44.2,43.7,38.6,33.6,45.6
  401,Female,Hispanic,Low,Public,General,-0.4,0.03,1,Service,44.2,54.1,59.3,58,50.6
  402,Female,Hispanic,Medium,Public,General,0.93,0.65,1,Manager,62.7,59.3,71.3,68.8,60.5
  403,Female,Hispanic,Low,Public,General,0,0.34,1,Service,62.7,59.9,65.4,53.6,65.5
  404,Female,Hispanic,Medium,Public,Academic preparatory,-0.38,-0.47,0.67,Homemaker,62.7,43.7,44.7,52.6,41.9
  405,Male,Hispanic,Medium,Public,General,0.2,0.56,0.67,Protective,60.1,52.8,51.5,58,50.6
  406,Male,Hispanic,Medium,Public,General,0.73,0.03,1,Technical,65.4,59.3,69.6,63.4,50.6
  407,Female,Hispanic,Medium,Public,Vocational/Technical,0.06,0.03,1,Homemaker,43.2,47.6,45.6,47.1,45.6
  408,Male,Hispanic,High,Public,General,-0.45,-0.6,0.67,Professional_2,52.1,59.9,49.5,48.8,60.5
  409,Female,Hispanic,High,Public,General,1.13,0.03,0.67,Professional_1,62.7,64.5,64.5,52.6,60.5
  410,Female,Hispanic,Low,Public,General,-0.18,-1.09,0.67,Service,62.7,56.7,58.8,71.5,60.5
  411,Male,Hispanic,High,Public,General,0.32,0.28,0.67,Technical,62.7,63.2,68.9,74.2,70.5
  412,Female,Hispanic,Medium,Public,Vocational/Technical,0.66,-0.6,0,Service,42.6,56.7,40.3,49.8,50.6
  413,Female,Hispanic,Medium,Public,Academic preparatory,0.51,0.03,0.33,Manager,60.1,51.5,53.9,63.4,50.6
  414,Female,Hispanic,Medium,Public,Academic preparatory,0.08,0.03,1,Sales,54.8,67.1,47.4,49.8,65.5
  415,Female,Hispanic,Medium,Public,General,0.46,-0.86,1,School,68,59.3,60.5,55.3,70.5
  416,Male,Hispanic,Low,Public,General,1.11,-0.09,0,Professional_1,44.2,48.9,48,49.8,55.6
  417,Female,Hispanic,Medium,Public,Academic preparatory,0.07,0.34,1,Professional_1,65.4,59.3,51.2,60.7,55.6
  418,Male,Hispanic,Medium,Public,Vocational/Technical,-0.89,0.56,0.33,Craftsman,44.2,41.1,40.3,49.8,25.7
  419,Male,Hispanic,Medium,Public,Vocational/Technical,-0.19,0.03,0.33,Craftsman,54.8,51.5,42.8,60.7,50.6
  420,Male,Hispanic,Low,Public,General,-0.27,0.94,0,Not_working,44.7,54.1,50.4,45,50.6
  421,Male,Hispanic,High,Public,Vocational/Technical,-0.4,-1.09,0.67,Military,62.7,43.7,47.1,52.6,55.6
  422,Female,Hispanic,Medium,Public,General,0,0.03,0.67,Professional_1,62.7,64.5,38.3,55.8,55.6
  423,Male,Hispanic,Medium,Public,General,0.46,-0.47,0.67,Professional_2,68,64.5,70.6,68.8,59.3
  424,Female,Hispanic,Medium,Public,Vocational/Technical,0.75,0.34,1,Professional_1,47.4,41.7,51.6,38.5,50.6
  425,Female,Hispanic,Low,Public,Academic preparatory,1.36,0.65,1,Service,46.9,51.5,57,49.8,40.6
  426,Male,Hispanic,Low,Public,General,0.68,0.87,1,Professional_2,54.8,56.7,56.9,58,70.5
  427,Male,Hispanic,Medium,Public,Vocational/Technical,0.05,-0.88,0.67,Craftsman,62.7,63.2,74.6,71.5,65.5
  428,Female,Hispanic,Medium,Public,Vocational/Technical,-0.84,0.03,0,Professional_1,36.3,59.3,47.7,39,55.6
  429,Male,Hispanic,High,Public,Vocational/Technical,1.13,0.56,1,Manager,60.1,48.9,50.4,55.3,65.5
  430,Male,Hispanic,High,Public,Academic preparatory,1.13,0.63,0.67,Professional_2,60.1,64.5,57.9,60.7,65.5
  431,Female,Hispanic,Medium,Public,Academic preparatory,0.55,-0.6,1,Clerical,54.8,54.1,51.3,41.7,45.6
  432,Male,Hispanic,High,Public,Academic preparatory,0.06,0.03,1,Professional_1,44.2,54.1,51.4,39,45.6
  433,Female,Hispanic,Medium,Public,Vocational/Technical,-0.64,0.03,1,Homemaker,41.6,46.3,38.4,36.3,45.6
  434,Female,Hispanic,High,Public,General,0.48,0.03,1,Homemaker,65.4,61.9,60.4,63.4,60.5
  435,Female,Hispanic,Low,Public,Academic preparatory,-0.19,-0.85,0,Service,54.8,60.6,55.5,58,45.6
  436,Male,Hispanic,High,Public,General,0.2,-2.54,0,Technical,54.8,61.9,63.6,63.4,65.5
  437,Female,Hispanic,Medium,Public,Vocational/Technical,-0.6,-0.26,0.67,Homemaker,49.5,41.1,38.4,52.6,35.6
  438,Male,Hispanic,Medium,Public,General,-1.33,0.03,1,Technical,36.3,28.1,53.7,33.6,25.7
  439,Female,Hispanic,Low,Public,General,0.68,0.88,1,Professional_1,46.9,61.9,53,52.6,60.5
  440,Female,Hispanic,High,Public,General,1.36,0.94,1,Homemaker,52.1,48.9,51.3,41.7,45.6
  441,Female,Hispanic,Medium,Public,Academic preparatory,0.89,0.65,0.67,Professional_1,68,48.9,56.3,63.4,55.6
  442,Female,Hispanic,Medium,Public,Vocational/Technical,-0.14,0.13,0.67,Professional_1,41.6,56.7,51.3,47.1,60.5
  443,Male,Hispanic,Medium,Public,Vocational/Technical,-0.43,-1.22,0,Laborer,41.6,46.9,55.5,44.4,40.6
  444,Male,Hispanic,Medium,Public,General,0.04,0.03,0.67,Professional_1,65.4,51.5,61.2,68.8,60.5
  445,Male,Hispanic,Low,Public,Academic preparatory,0.44,-0.16,0.67,Professional_1,62.7,48.9,48.8,66.1,45.6
  446,Male,Hispanic,Low,Public,General,0.65,-0.3,1,Professional_2,60.1,61.9,74.6,58,60.5
  447,Male,Hispanic,Medium,Public,Vocational/Technical,-1.33,0.65,0,Craftsman,40.5,38.5,47.1,44.4,30.6
  448,Male,Hispanic,Medium,Public,Vocational/Technical,0.68,1.19,0.33,School,41.6,41.1,57.2,71.5,30.6
  449,Male,Hispanic,Medium,Public,Vocational/Technical,0.1,0.03,0,Farmer,62.7,48.9,42.1,66.1,70.5
  450,Female,Hispanic,High,Public,General,0.5,0.03,0.67,Not_working,68,59.3,58.8,66.1,65.5
  451,Female,Hispanic,Medium,Public,Vocational/Technical,0.02,-0.32,1,Homemaker,46.9,46.3,52,47.7,45.6
  452,Female,Hispanic,Medium,Public,Academic preparatory,0.06,0.03,1,Not_working,41.6,46.3,46.2,39,45.6
  453,Female,Hispanic,Medium,Public,Academic preparatory,-0.83,0.65,0.33,Homemaker,44.2,59.3,55.5,36.3,55.6
  454,Female,Hispanic,High,Public,General,0.91,0.15,0,Professional_1,54.8,56.7,55.5,58,60.5
  455,Female,Hispanic,Low,Public,Academic preparatory,0.06,0.59,1,Clerical,52.1,51.5,45.4,39,50.6
  456,Male,Hispanic,Medium,Public,Vocational/Technical,-1.57,0.65,0.33,Manager,52.1,56.7,45.2,55.3,50.6
  457,Male,Hispanic,Medium,Public,Vocational/Technical,-1.33,0.03,0.33,Laborer,38.9,30.7,40.4,39,50.6
  458,Male,Hispanic,Medium,Public,General,0.46,0.65,1,Technical,49.5,48.9,60.5,55.3,55.6
  459,Female,Hispanic,Medium,Public,Academic preparatory,0.03,0.03,1,Proprietor,41.6,43,44.5,39,50.6
  460,Male,Hispanic,High,Public,General,-0.93,-0.22,0.67,Professional_2,65.4,64.5,65.5,60.7,65.5
  461,Male,Hispanic,Low,Public,General,0.24,-0.43,0.33,Technical,70.7,43.7,58.8,66.1,60.5
  462,Male,Hispanic,Medium,Public,Academic preparatory,0.33,0.28,0.67,Professional_1,52.1,46.3,48.1,55.3,40.6
  463,Male,Hispanic,Medium,Public,Academic preparatory,-0.11,0.25,1,Professional_1,44.2,44.3,45.6,39,50.6
  464,Female,Hispanic,Medium,Public,General,0.94,-0.3,1,Professional_2,60.1,67.1,52.4,55.3,50.6
  465,Male,Hispanic,High,Public,Academic preparatory,0.75,-0.49,0.33,Technical,41.6,41.1,41.2,44.4,35.6
  466,Female,Hispanic,Medium,Public,General,0.3,-0.6,1,Professional_1,49.5,59.3,53.1,60.7,60.5
  467,Male,Hispanic,Medium,Public,Academic preparatory,1.13,0.03,1,Manager,38.9,54.1,47.5,49.8,40.6
  468,Male,Hispanic,High,Public,Academic preparatory,-0.16,0.03,0.33,Proprietor,44.2,59.3,49.5,55.3,45.6
  469,Male,Hispanic,Medium,Public,Academic preparatory,0.46,0.65,1,Technical,68,59.3,57.9,74.2,65.5
  470,Female,Hispanic,High,Public,General,1.36,0.94,1,Professional_2,57.4,64.5,49.9,55.3,55.6
  471,Female,Hispanic,High,Public,General,0.46,0.32,0.67,Technical,49.5,54.1,47.8,60.7,50.6
  472,Female,Hispanic,Medium,Public,Academic preparatory,-0.4,-0.26,0.33,Service,52.1,54.1,55.3,52.6,50.6
  473,Female,Hispanic,Medium,Public,Vocational/Technical,0.06,0.28,1,Sales,60.1,59.3,56.2,60.7,60.5
  474,Female,Hispanic,Low,Public,Vocational/Technical,-0.61,0.36,0,Homemaker,44.2,48.9,46.1,47.1,55.6
  475,Male,Hispanic,High,Public,General,0.71,0.03,1,Professional_2,54.8,61.2,53.7,48.8,60.5
  476,Female,Hispanic,High,Public,Academic preparatory,0.23,-0.26,0,Professional_1,52.1,61.9,56.3,58,55.6
  477,Female,Hispanic,Medium,Public,General,0.46,-0.28,1,Professional_1,57.4,56.7,56.4,63.4,60.5
  478,Female,Hispanic,Medium,Public,General,0.67,-0.59,0.67,Professional_1,54.8,64.5,55.3,49.8,60.5
  479,Female,Hispanic,Medium,Public,General,0.46,0.03,1,Professional_2,60.1,64.5,56.3,63.4,60.5
  480,Male,Hispanic,Low,Public,Vocational/Technical,-0.88,-0.29,0.33,Operative,44.2,54.1,41,49.8,45.6
  481,Female,Hispanic,Low,Public,General,0.89,0.34,0.33,Professional_2,57.4,61.9,72.2,60.7,60.5
  482,Female,Hispanic,Medium,Public,Vocational/Technical,0.06,-1.07,0,Professional_1,38.9,48.9,45.2,44.4,50.6
  483,Female,Hispanic,Low,Public,Vocational/Technical,0.06,-0.6,0.67,Professional_1,62.7,56,57.3,60.7,56.8
  484,Female,Hispanic,Medium,Public,Vocational/Technical,-0.22,-2.27,0,Clerical,57.4,51.5,40.3,60.7,55.6
  485,Female,Hispanic,Medium,Public,General,0.71,0.34,0,Craftsman,62.7,64.5,57.4,60.7,70.5
  486,Female,Hispanic,Medium,Public,General,0.53,0.81,0.67,Professional_1,54.8,59.3,61.4,47.1,55.6
  487,Female,Hispanic,Low,Public,General,-0.47,-0.47,0,Clerical,52.1,57.3,63.7,58,55.6
  488,Male,Hispanic,High,Public,Vocational/Technical,0.43,-0.05,0.67,Protective,54.8,45.6,51.8,60.7,45.6
  489,Female,Hispanic,Medium,Public,General,-0.44,-1.13,1,Professional_1,54.8,61.9,69.6,60.7,55.6
  490,Male,Hispanic,Medium,Public,Vocational/Technical,-1.28,0.34,0.33,Professional_1,31,35.9,46.1,39,45.6
  491,Female,Hispanic,Medium,Public,Academic preparatory,-0.14,0.56,1,Homemaker,54.8,61.9,54.6,47.1,45.6
  492,Female,Hispanic,Low,Public,General,-0.14,-1.05,1,Professional_1,70.7,65.1,66.4,63.4,60.5
  493,Male,Hispanic,Low,Public,Vocational/Technical,-0.86,0.28,1,Farmer,36.3,48.9,54.4,60.7,35.6
  494,Female,Hispanic,Low,Public,Vocational/Technical,0.3,0.03,0.67,Clerical,36.8,59.3,40.7,49.8,35.6
  495,Male,Hispanic,Medium,Public,Academic preparatory,0.68,0.03,1,Professional_2,65.4,64.5,51.3,66.1,65.5
  496,Female,Hispanic,Medium,Public,General,0.23,0.03,1,Professional_1,52.1,59.3,52.9,60.7,50.6
  497,Female,Hispanic,Medium,Public,Vocational/Technical,0,-0.18,0,Professional_1,62.7,59.3,55.5,45.5,46.8
  498,Male,Hispanic,Medium,Public,Vocational/Technical,0.26,0.03,1,Operative,62.7,59.3,53.2,63.4,55.6
  499,Male,Hispanic,Medium,Public,Academic preparatory,-1.58,-0.26,0.33,Military,62.7,48.9,35.3,66.1,40.6
  500,Female,Hispanic,Low,Public,Vocational/Technical,0.06,0.28,1,Farmer,65.9,63.2,50.3,60.1,55.6
  501,Male,Hispanic,Medium,Public,General,0.91,0.59,1,Professional_2,65.4,67.1,67.1,66.1,61.8
  502,Male,Hispanic,Medium,Public,General,0.28,0.32,1,Professional_2,52.1,54.1,56.5,55.3,50.6
  503,Male,Hispanic,High,Public,General,-0.19,-0.73,0.67,Professional_2,73.3,60.6,64.7,66.1,65.5
  504,Male,Hispanic,Medium,Public,General,1.36,0.63,1,Professional_2,62.7,61.9,68.6,68.8,55.6
  505,Male,Hispanic,Low,Public,Academic preparatory,0.71,1.19,0.33,Farmer,54.8,59.3,62.5,68.8,45.6
  506,Female,Hispanic,Medium,Public,General,0.25,-0.47,0.33,Professional_2,76,67.1,72.2,66.1,65.5
  507,Male,Hispanic,Medium,Public,Vocational/Technical,-0.4,-0.76,0.67,Military,52.1,35.9,50.3,47.1,50.6
  508,Male,Hispanic,High,Public,General,0.68,-0.47,0.33,Military,46.9,61.9,60.5,68.8,65.5
  509,Male,Hispanic,Medium,Public,Vocational/Technical,-0.41,0.34,0.67,Technical,52.1,38.5,57.9,52.6,50.6
  510,Male,Hispanic,Medium,Public,Vocational/Technical,-0.86,1.19,0.33,Operative,33.6,28.1,31.8,39.6,35.6
  511,Male,Hispanic,Medium,Public,General,-0.44,1.19,1,Craftsman,60.1,54.1,59.6,55.3,65.5
  512,Male,Hispanic,Low,Public,Vocational/Technical,-1.1,0.03,1,Operative,38.9,38.5,42.8,41.7,40.6
  513,Male,Hispanic,High,Public,General,0.06,0.32,0.67,Protective,49.5,43.7,55.5,68.8,65.5
  514,Male,Hispanic,Medium,Public,General,0.06,0.03,0,Proprietor,46.9,51.5,57.2,52.6,60.5
  515,Male,Hispanic,Medium,Public,General,0.68,-0.26,1,Professional_2,62.7,61.9,56.2,47.1,45.6
  516,Male,Hispanic,Medium,Public,General,0.66,0.03,0.33,Manager,65.4,59.3,67.1,66.1,65.5
  517,Female,Hispanic,Low,Public,Academic preparatory,0.26,0.87,1,Farmer,49.5,61.9,61.4,63.4,50.6
  518,Male,Hispanic,Medium,Public,Academic preparatory,0.06,0.03,1,Craftsman,54.8,41.1,42.8,47.1,40.6
  519,Male,Hispanic,Medium,Private,General,0.32,1.19,1,Professional_1,57.4,61.9,64,55.8,55.6
  520,Male,Hispanic,Medium,Private,General,0.06,0.03,0.33,Professional_1,68,59.3,71.3,66.1,55.6
  521,Male,Hispanic,High,Private,General,0.46,0.34,1,Technical,52.1,46.3,50.4,52.6,50.6
  522,Male,Hispanic,Medium,Private,General,0,0.65,1,Military,52.1,61.9,62.1,58,60.5
  523,Female,Hispanic,High,Private,Academic preparatory,0.68,0.32,1,Service,36.3,56.7,41.9,49.8,40.6
  524,Female,Hispanic,Medium,Private,General,-0.66,-1.07,0.67,Clerical,49.5,61.9,60.4,47.1,50.6
  525,Female,Hispanic,High,Private,General,0.48,-0.82,0.33,Professional_1,62.7,64.5,58.2,61.8,61.8
  526,Male,Hispanic,Medium,Private,General,0.71,0.03,0.33,Proprietor,46.9,46.9,41,41.7,50.6
  527,Female,Hispanic,Medium,Private,General,1.36,-1.18,1,Professional_1,62.7,61.9,63.1,60.7,60.5
  528,Female,Hispanic,High,Private,General,-0.19,1.19,1,Professional_1,60.1,61.9,54.6,60.7,65.5
  529,Male,Hispanic,Medium,Private,General,0.55,0.63,1,Technical,54.8,59.3,62.3,58,50.6
  530,Female,Hispanic,High,Private,General,0.26,0.94,1,Professional_2,60.1,59.3,51.8,53.1,55.6
  531,Female,Hispanic,High,Private,General,0.68,0.06,0.67,Clerical,49.5,51.5,41.2,41.7,45.6
  532,Male,Hispanic,Medium,Private,Vocational/Technical,0,0.34,0.33,Craftsman,46.9,56.7,57.2,58,45.6
  533,Female,Hispanic,Low,Private,General,-0.17,0.03,0.67,Service,44.2,59.3,45.7,55.3,50.6
  534,Male,Hispanic,Medium,Private,General,0.06,0.56,1,Professional_2,49.5,56.7,46.2,55.3,50.6
  535,Female,Hispanic,Medium,Private,General,0.52,0.34,1,Professional_2,46.9,64.5,59.6,49.8,55.6
  536,Female,Hispanic,High,Private,General,0.91,-1.67,0.33,Professional_1,57.4,54.1,54.8,60.7,60.5
  537,Male,Hispanic,Medium,Private,Academic preparatory,-0.4,0.65,0,Professional_2,52.1,46.3,51.3,58,55.6
  538,Female,Hispanic,High,Private,General,0.46,-0.22,1,Professional_2,70.7,64.5,68.7,58,70.5
  539,Female,Hispanic,Medium,Private,General,-0.4,-1.34,1,Operative,57.4,61.9,55.5,49.8,55.6
  540,Male,Hispanic,Medium,Private,General,0.71,1.19,0.67,Craftsman,54.8,48.9,52.4,58,60.5
  541,Male,Hispanic,Medium,Private,General,-0.14,0.34,0.33,Professional_1,49.5,46.3,44.8,58,60.5
  542,Female,Hispanic,Medium,Private,General,0.52,0.03,1,School,46.9,51.5,53.7,41.7,40.6
  543,Female,Hispanic,High,Private,General,-0.47,0.28,1,Professional_2,65.4,61.9,47.1,60.7,60.5
  544,Female,Hispanic,Medium,Private,General,0.96,0.03,0.67,Proprietor,44.2,51.5,43.2,44.4,50.6
  545,Female,Hispanic,Medium,Private,General,0.91,-0.47,1,Professional_1,46.9,64.5,55.8,61.8,60.5
  546,Female,Hispanic,High,Private,General,0.02,-0.14,0,Professional_1,60.1,64.5,67,58.5,66.8
  547,Male,Hispanic,Medium,Private,General,0.47,0.03,0.67,Sales,62.7,59.3,48.8,55.3,70.5
  548,Female,Hispanic,Medium,Private,General,0.47,0.34,0.67,Professional_2,33.6,43,41,49.8,35.6
  549,Female,Hispanic,High,Private,General,0.46,0.03,1,Professional_1,41.6,64.5,47.1,53.1,60.5
  550,Female,Hispanic,Medium,Private,Vocational/Technical,1.13,0.88,0.33,Clerical,49.5,51.5,52.7,55.3,55.6
  551,Male,Hispanic,Medium,Private,General,0.96,0.63,1,Protective,65.4,64.5,70.3,66.1,65.5
  552,Female,Hispanic,Medium,Private,General,0.5,-0.22,1,Professional_1,54.8,61.9,61.3,60.7,50.6
  553,Male,Hispanic,Medium,Private,General,0.71,0.28,0.67,Technical,62.7,56.7,54.7,58,40.6
  554,Female,Hispanic,Low,Private,General,-0.14,-0.6,0.33,Service,44.2,48.9,54.3,49.8,45.6
  555,Male,Hispanic,High,Private,General,0.06,1.19,1,Proprietor,65.4,64.5,67.9,63.4,55.6
  556,Female,Hispanic,Medium,Private,General,0.87,0.87,0.67,Professional_2,57.4,61.9,62.8,55.3,40.6
  557,Female,Hispanic,Medium,Private,General,1.16,1.19,1,Technical,60.1,59.3,55.3,58,45.6
  558,Female,Hispanic,Medium,Private,Vocational/Technical,0.46,0.56,0.67,Professional_1,44.2,54.1,52.2,44.4,45.6
  559,Female,Hispanic,Medium,Private,Academic preparatory,0.27,0.03,0.67,Homemaker,57.4,41.1,57,55.3,51.8
  560,Female,Hispanic,Low,Private,General,-0.19,-1.73,1,Clerical,44.7,47.6,50.3,39,50.6
  561,Female,Hispanic,High,Private,General,0.68,0.03,1,Manager,44.2,48.9,46.2,47.7,45.6
  562,Female,Hispanic,High,Private,General,0.23,0.03,1,Clerical,62.7,61.9,55.5,55.3,60.5
  563,Female,Hispanic,High,Private,General,0.91,0.03,1,Professional_1,57.4,59.3,55.5,55.3,50.6
  564,Male,Hispanic,High,Private,General,0.32,-0.88,0.33,Professional_1,57.4,54.1,42.2,44.4,55.6
  565,Male,Hispanic,Medium,Private,General,0.71,0.03,0.33,Laborer,46.9,59.3,63,52.6,45.6
  566,Male,Hispanic,High,Private,General,1.11,0.34,1,Professional_2,65.4,64.5,64.1,66.1,70.5
  567,Female,Hispanic,Medium,Private,General,0.26,-0.57,1,Professional_2,41.6,58.6,54.6,55.3,60.5
  568,Female,Hispanic,Medium,Private,General,0,0.34,0.33,Professional_1,46.9,59.3,53.7,58,45.6
  569,Male,Hispanic,Low,Private,General,0.2,-0.47,0.67,Craftsman,56.4,49.5,51.9,47.1,48.1
  570,Female,Hispanic,Medium,Private,General,-0.84,-2.6,0.33,Service,44.2,64.5,53,55.3,60.5
  571,Female,Hispanic,High,Private,General,1.16,0.09,1,Professional_1,46.9,52.1,42.5,47.7,60.5
  572,Male,Hispanic,Medium,Private,Vocational/Technical,0.23,0.15,0.33,Craftsman,49.5,51.5,48,52.6,50.6
  573,Female,Hispanic,Low,Private,Academic preparatory,-0.23,0.69,0.67,Service,46.9,61.9,48,39,50.6
  574,Male,Hispanic,High,Private,General,0.03,0.56,0.67,Craftsman,65.4,67.1,63,66.1,70.5
  575,Female,Hispanic,Medium,Private,Academic preparatory,0.68,0.03,0,Professional_2,44.2,35.9,43.6,47.1,40.6
  576,Female,Hispanic,Medium,Private,Vocational/Technical,0.43,-1.09,0.67,School,63.3,64.5,52.1,58,65.5
  577,Female,Hispanic,Medium,Private,General,0.47,0.34,0.67,Technical,44.2,48.9,48,39,50.6
  578,Female,Hispanic,Medium,Private,Vocational/Technical,-0.59,0.28,1,School,46.9,51.5,48.5,49.8,50.6
  579,Female,Hispanic,Low,Private,Vocational/Technical,-0.38,0.03,1,Professional_1,45.3,38.5,43.5,40.1,45.6
  580,Female,Hispanic,High,Private,General,0.73,0.03,1,Professional_1,62.7,62.5,68.9,60.7,60.5
  581,Male,Hispanic,Medium,Private,Vocational/Technical,-0.66,-0.47,1,Professional_1,52.7,41.1,40.2,58,60.5
  582,Male,Hispanic,High,Private,General,0.1,-0.16,0.33,Professional_1,49.5,59.3,51,47.1,45.6
  583,Male,Hispanic,Medium,Private,Academic preparatory,-1.33,0.03,0.67,Technical,57.4,56.7,59.8,58,55.6
  584,Male,Hispanic,High,Private,General,0.22,1.19,1,Proprietor,57.4,54.1,48.8,55.3,40.6
  585,Male,Hispanic,High,Private,General,0.1,0.56,0.67,Professional_1,54.8,61.9,60.4,55.3,65.5
  586,Male,Hispanic,High,Private,General,0.71,-0.06,0.67,Professional_1,44.2,37.8,49.2,39,45.6
  587,Male,Hispanic,High,Private,General,0.68,-0.53,1,Proprietor,48.4,48.2,60.5,60.1,49.3
  588,Male,Hispanic,Medium,Private,Academic preparatory,-0.93,-0.8,0.33,Professional_1,52.1,51.5,49.5,55.3,45.6
  589,Male,Hispanic,High,Private,General,-0.6,0.34,0,Craftsman,49.5,41.7,50.3,36.3,60.5
  590,Male,Hispanic,Medium,Private,General,0.06,0.03,0.67,Technical,46.9,56.7,56.1,60.7,55.6
  591,Female,Hispanic,High,Private,General,1.14,0.63,1,Service,55.3,53.4,44.5,53.6,48.1
  592,Female,Hispanic,High,Private,General,0.06,0.03,0.67,School,46.9,60.6,51.3,63.4,30.6
  593,Male,Hispanic,Medium,Private,General,-1.09,-0.26,0.33,Proprietor,44.2,41.1,45.1,47.1,45.6
  594,Male,Hispanic,High,Private,General,0.02,0.28,0.67,Professional_1,44.2,51.5,52.9,52.6,45.6
  595,Male,Hispanic,High,Private,General,0,0.03,0.33,Professional_2,52.1,59.3,50.4,60.7,60.5
  596,Male,Hispanic,High,Private,General,0.27,-1.05,0.33,Professional_1,60.1,54.1,56.3,55.3,55.6
  597,Male,Hispanic,Medium,Private,General,0.55,0.34,1,Technical,62.7,61.9,72.9,63.4,55.6
  598,Male,Hispanic,Medium,Private,General,-0.61,0.34,0.67,Technical,68,54.1,74.6,66.1,65.5
  599,Female,Hispanic,Medium,Private,General,0.23,0.94,1,Professional_2,57.4,67.1,57.9,60.7,55.6
  600,Male,Hispanic,Medium,Private,General,0.02,0.03,0.33,Professional_1,62.7,54.1,64.7,58,50.6